{"cameraMode":{"drawMode":0,"name":"Shaded","section":"Shading Mode"},"sceneLighting":true,"audioPlay":false,"sceneViewState":{"m_AlwaysRefresh":false,"showFog":true,"showSkybox":true,"showFlares":true,"showImageEffects":true,"showParticleSystems":true,"showVisualEffectGraphs":true,"m_FxEnabled":true},"in2DMode":false,"pivot":{"x":0.5850696563720703,"y":0.06988048553466797,"z":-0.7015647888183594},"rotation":{"x":-0.0815315917134285,"y":0.9152390956878662,"z":-0.23595191538333894,"w":-0.31625470519065859},"size":7.244753360748291,"orthographic":false}