{"cameraMode":{"drawMode":0,"name":"Shaded","section":"Shading Mode"},"sceneLighting":true,"audioPlay":false,"sceneViewState":{"m_AlwaysRefresh":false,"showFog":true,"showSkybox":true,"showFlares":true,"showImageEffects":true,"showParticleSystems":true,"showVisualEffectGraphs":true,"m_FxEnabled":true},"in2DMode":false,"pivot":{"x":16.49310302734375,"y":-7.360104560852051,"z":2.3675713539123537},"rotation":{"x":0.14032024145126344,"y":0.7280052304267883,"z":-0.15654757618904115,"w":0.6525481343269348},"size":13.335623741149903,"orthographic":false}